"tag","tag_group"
"выпечка","Кулинария"
"пекарство","Кулинария"
"готовлю шоколад","Кулинария"
"готовлю конфеты","Кулинария"
"пеку хлеб","Кулинария"
"делаю тортики","Кулинария"
"сомелье","Кулинария"
"BBQ","Кулинария"
"люблю шашлык","Кулинария"
"веган","Кулинария"
"вегатерианец ","Кулинария"
"здоровая еда","Кулинария"
"люблю итальянскую кухню","Кулинария"
"люблю готовить","Кулинария"
"бары","Кулинария"
"десерты","Кулинария"
"фуд-блогер","Кулинария"
"работаю в ресторане","Кулинария"
"французская кухня","Кулинария"
"шеф-повар","Кулинария"
"повар","Кулинария"
"молекулярная кухня","Кулинария"
"бармен","Кулинария"
"паб","Кулинария"
"сомелье","Кулинария"
"люблю вино","Кулинария"
"Итальянская кухня","Кулинария"
"Японская кухня","Кулинария"
"Французская кухня","Кулинария"
"Мексиканская кухня","Кулинария"
"Испанская кухня","Кулинария"
"Тайская кухня","Кулинария"
"Китайская кухня","Кулинария"
"Вьетнамская кухня","Кулинария"
"Индийская кухня","Кулинария"
"Греческая кухня","Кулинария"
"Американская кухня","Кулинария"
"Бразильская кухня","Кулинария"
"Корейская кухня","Кулинария"
"Немецкая кухня","Кулинария"
"Турецкая кухня","Кулинария"
"Русская кухня","Кулинария"
"Аргентинская кухня","Кулинария"
"Ливанская кухня","Кулинария"
"Марокканская кухня","Кулинария"
"Португальская кухня","Кулинария"
"Шведская кухня","Кулинария"
"Польская кухня","Кулинария"
"Украинская кухня","Кулинария"
"Румынская кухня","Кулинария"
"Бег","Спорт"
"Плавание","Спорт"
"Езда на велосипеде","Спорт"
"Аэробика","Спорт"
"Йога","Спорт"
"Пилатес","Спорт"
"Кроссфит","Спорт"
"Зумба","Спорт"
"Танцы","Спорт"
"Единоборства","Спорт"
"Боевые искусства","Спорт"
"Футбол","Спорт"
"Баскетбол","Спорт"
"Волейбол","Спорт"
"Теннис","Спорт"
"Гольф","Спорт"
"Хоккей","Спорт"
"Фигурное катание","Спорт"
"Лыжи","Спорт"
"Сноуборд","Спорт"
"Серфинг","Спорт"
"Виндсерфинг","Спорт"
"Каякинг","Спорт"
"Туризм","Спорт"
"Альпинизм","Спорт"
"Скалолазание","Спорт"
"Велогонки","Спорт"
"Красочный забег","Спорт"
"Триатлон","Спорт"
"Покорил Эльбрус","Спорт"
"ММА","Спорт"
"Бодибилдинг","Спорт"
"Плавание","Спорт"
"Гимнастика","Спорт"
"Кикбоксинг","Спорт"
"Пилон","Спорт"
"Увлекаюсь фристайлом","Спорт"
"Занимаюсь фитнесом","Спорт"
"Увлекаюсь альпинизмом","Спорт"
"Занимаюсь греблей","Спорт"
"Люблю боевые искусства","Спорт"
"Увлекаюсь зумбой","Спорт"
"Занимаюсь кроссфитом","Спорт"
"Люблю спортивные танцы","Спорт"
"Увлекаюсь скандинавской ходьбой","Спорт"
"Занимаюсь дартсом","Спорт"
"Люблю гонки","Спорт"
"Увлекаюсь американским футболом","Спорт"
"Занимаюсь боулингом","Спорт"
"Люблю греблю на байдарках","Спорт"
"Программирование","ИТ"
"Криптовалюта","ИТ"
"Веб-разработка","ИТ"
"Мобильные приложения","ИТ"
"Яндекс","ИТ"
"Анализ данных","ИТ"
"Искусственный интеллект","ИТ"
"Машинное обучение","ИТ"
"Сбер","ИТ"
"Озон","ИТ"
"Кибербезопасность","ИТ"
"Системный администратор","ИТ"
"Сетевые технологии","ИТ"
"Разработка игр","ИТ"
"VR и AR технологии","ИТ"
"IoT (интернет вещей)","ИТ"
"Блокчейн технологии","ИТ"
"Компьютерная графика","ИТ"
"IT консалтинг","ИТ"
"Python","ИТ"
"Java","ИТ"
"JavaScript","ИТ"
"Go","ИТ"
"Kotlin","ИТ"
"Flatter","ИТ"
"Swift","ИТ"
"Разработка мобильных игр","ИТ"
"Data Science","ИТ"
"Data Engineering","ИТ"
"Data Visualization","ИТ"
"Робототехника","ИТ"
"Программирование на C++","ИТ"
"Разработка веб-сервисов","ИТ"
"Компьютерное зрение","ИТ"
"Нейронные сети","ИТ"
"Глубокое обучение","ИТ"
"Аналитика больших данных","ИТ"
"ШАД","ИТ"
"Поступашки","ИТ"
"Информационная безопасность","ИТ"
"Продакт менеджер","ИТ"
"Проджект менеджер","ИТ"
"Системный аналитик","ИТ"
"Компьютерное моделирование","ИТ"
"Тинькоф","ИТ"
"Финтех","ИТ"
"Эдтех","ИТ"
"Спорттех","ИТ"
"AR/VR","ИТ"
"Фуллстэк разработчик","ИТ"
"Драма","Кино"
"Комедия","Кино"
"Триллер","Кино"
"Ужасы","Кино"
"Фантастика","Кино"
"Боевик","Кино"
"Мелодрама","Кино"
"Анимация","Кино"
"Документальный фильм","Кино"
"Криминал","Кино"
"Приключения","Кино"
"Фэнтези","Кино"
"Биография","Кино"
"Исторический","Кино"
"Военный","Кино"
"Мюзикл","Кино"
"Вестерн","Кино"
"Спорт","Кино"
"Семейный","Кино"
"Детектив","Кино"
"Нуар","Кино"
"Психологический триллер","Кино"
"Аниме","Кино"
"Артхаус","Кино"
"Независимое кино","Кино"
"Короткометражка","Кино"
"Экшн-комедия","Кино"
"Черная комедия","Кино"
"Пародия","Кино"
"Романтическая комедия","Кино"
"Социальная драма","Кино"
"Политический триллер","Кино"
"Супергеройское кино","Кино"
"Мультфильм","Кино"
"Фильм-катастрофа","Кино"
"Эротика","Кино"
"Эпический фильм","Кино"
"Киберпанк","Кино"
"Гангстерский фильм","Кино"
"Кинобиография","Кино"
"Музыкальный фильм","Кино"
"Пеплум","Кино"
"Поэтический фильм","Кино"
"Пропагандистский фильм","Кино"
"Путешествия","Кино"
"Роуд-муви","Кино"
"Сказка","Кино"
"Спагетти-вестерн","Кино"
"Стоунер-фильм","Кино"
"Экспериментальное кино","Кино"
"Фантастика","Литература"
"Фэнтези","Литература"
"Роман","Литература"
"Детектив","Литература"
"Триллер","Литература"
"Биография","Литература"
"Автобиография","Литература"
"Научная литература","Литература"
"Поэзия","Литература"
"Классика","Литература"
"Драма","Литература"
"Исторический роман","Литература"
"Юмор","Литература"
"Мемуары","Литература"
"Приключения","Литература"
"Психологический роман","Литература"
"Современная проза","Литература"
"Эссе","Литература"
"Публицистика","Литература"
"Философия","Литература"
"Научная фантастика","Литература"
"Путешествия","Литература"
"Ужасы","Литература"
"Любовный роман","Литература"
"Детская литература","Литература"
"Юмористическая литература","Литература"
"Мистический роман","Литература"
"Киберпанк","Литература"
"Готический роман","Литература"
"Эпос","Литература"
"Эротика","Литература"
"Альтернативная история","Литература"
"Аудиокниги","Литература"
"Древняя литература","Литература"
"Новелла","Литература"
"Пьеса","Литература"
"Научно-популярная литература","Литература"
"Романтизм","Литература"
"Реализм","Литература"
"Сентиментализм","Литература"
"Экзистенциализм","Литература"
"Абсурдизм","Литература"
"Постмодернизм","Литература"
"Сюрреализм","Литература"
"Декаданс","Литература"
"Натурализм","Литература"
"Импрессионизм","Литература"
"Неореализм","Литература"
"Символизм","Литература"
"Дистопия","Литература"
"Рок","Музыка"
"Поп","Музыка"
"Джаз","Музыка"
"Классическая музыка","Музыка"
"Хип-хоп","Музыка"
"Электронная музыка","Музыка"
"Блюз","Музыка"
"Регги","Музыка"
"Кантри","Музыка"
"Фолк","Музыка"
"Метал","Музыка"
"Альтернатива","Музыка"
"Инди","Музыка"
"Ритм-н-блюз","Музыка"
"Соул","Музыка"
"Панк-рок","Музыка"
"Техно","Музыка"
"Хаус","Музыка"
"Транс","Музыка"
"Драм-н-бейс","Музыка"
"Латиноамериканская музыка","Музыка"
"Сальса","Музыка"
"Бачата","Музыка"
"Рэггетон","Музыка"
"Акустическая музыка","Музыка"
"Оркестровая музыка","Музыка"
"Опера","Музыка"
"Шансон","Музыка"
"Гранж","Музыка"
"Нью-эйдж","Музыка"
"Готик-рок","Музыка"
"Эмбиент","Музыка"
"Индастриал","Музыка"
"Лаунж","Музыка"
"Трип-хоп","Музыка"
"Рэп","Музыка"
"Хард-рок","Музыка"
"Симфоническая музыка","Музыка"
"Кантри-рок","Музыка"
"Психоделическая музыка","Музыка"
"Фанк","Музыка"
"Диско","Музыка"
"Боса-нова","Музыка"
"Джаз-фьюжн","Музыка"
"Гэм","Музыка"
"Лаундж","Музыка"
"Лоу-фай","Музыка"
"Чилаут","Музыка"
"Музыкальные саундтреки","Музыка"
"Экспериментальная музыка","Музыка"
"Предпринимательство","Бизнес"
"Маркетинг","Бизнес"
"Менеджмент","Бизнес"
"Инвестиции","Бизнес"
"Финансы","Бизнес"
"Стартупы","Бизнес"
"Экономика","Бизнес"
"Бизнес-планирование","Бизнес"
"Бизнес-модели","Бизнес"
"Продажи","Бизнес"
"Лидерство","Бизнес"
"Кризис-менеджмент","Бизнес"
"Корпоративная культура","Бизнес"
"Инновации","Бизнес"
"Стратегическое планирование","Бизнес"
"Ведение переговоров","Бизнес"
"Управление проектами","Бизнес"
"Анализ данных","Бизнес"
"Бухгалтерский учет","Бизнес"
"Управление рисками","Бизнес"
"Финансовый анализ","Бизнес"
"Корпоративные финансы","Бизнес"
"Венчурный капитал","Бизнес"
"Биржевая торговля","Бизнес"
"Стартап акселераторы","Бизнес"
"Управление персоналом","Бизнес"
"Краудфандинг","Бизнес"
"Социальное предпринимательство","Бизнес"
"Электронная коммерция","Бизнес"
"Разработка продукта","Бизнес"
"Бизнес-аналитика","Бизнес"
"Креативное предпринимательство","Бизнес"
"Маркетинговые исследования","Бизнес"
"Поведенческая экономика","Бизнес"
"Деловая этика","Бизнес"
"Брендинг","Бизнес"
"Консалтинг","Бизнес"
"Логистика","Бизнес"
"Цифровой маркетинг","Бизнес"
"Контент-маркетинг","Бизнес"
"Глобальный бизнес","Бизнес"
"Малый бизнес","Бизнес"
"Корпоративное управление","Бизнес"
"Торговля","Бизнес"
"Рынок труда","Бизнес"
"Потребительское поведение","Бизнес"
"Ценообразование","Бизнес"
"Управление изменениями","Бизнес"
"Анализ конкурентной среды","Бизнес"
"Бизнес-образование","Бизнес"
"Шутеры","Видеоигры"
"Ролевые игры (RPG)","Видеоигры"
"Стратегии","Видеоигры"
"Приключенческие игры","Видеоигры"
"Гоночные игры","Видеоигры"
"Симуляторы","Видеоигры"
"Спортивные игры","Видеоигры"
"Экшн-игры","Видеоигры"
"Головоломки","Видеоигры"
"Квесты","Видеоигры"
"ММО (Массовые многопользовательские онлайн-игры)","Видеоигры"
"Платформеры","Видеоигры"
"Аркады","Видеоигры"
"Виртуальная реальность (VR)","Видеоигры"
"Тактические игры","Видеоигры"
"Киберспорт","Видеоигры"
"Инди-игры","Видеоигры"
"Песочницы","Видеоигры"
"Визуальные новеллы","Видеоигры"
"Ритм-игры","Видеоигры"
"Пошаговые стратегии","Видеоигры"
"Реалтайм стратегии (RTS)","Видеоигры"
"Экономические симуляторы","Видеоигры"
"Сурвайвал-хорроры","Видеоигры"
"Третье лицо (игры с видом от третьего лица)","Видеоигры"
"Первое лицо (игры с видом от первого лица)","Видеоигры"
"Метроидвании","Видеоигры"
"Рогалики","Видеоигры"
"Стелс-игры","Видеоигры"
"Киберпанк-игры","Видеоигры"
"Файтинг","Видеоигры"
"Видеоигры по аниме","Видеоигры"
"Видеоигры по комиксам","Видеоигры"
"Игры-песочницы","Видеоигры"
"Градостроительные симуляторы","Видеоигры"
"Картинговые игры","Видеоигры"
"Логические игры","Видеоигры"
"Музыкальные игры","Видеоигры"
"Побег из комнаты","Видеоигры"
"Браузерные игры","Видеоигры"
"Готические игры","Видеоигры"
"Игры для детей","Видеоигры"
"Космические симуляторы","Видеоигры"
"Магические игры","Видеоигры"
"Пародийные игры","Видеоигры"
"Политические симуляторы","Видеоигры"
"Постапокалиптические игры","Видеоигры"
"Ретро-игры","Видеоигры"
"Социальные игры","Видеоигры"
"Фантастические игры","Видеоигры"
"Интересуюсь психоанализом","Психология"
"Фанат Фрейда","Психология"
"Изучаю юнгианскую психологию","Психология"
"Практикую когнитивно-поведенческую терапию","Психология"
"Люблю читать психологические статьи","Психология"
"Интересуюсь психотерапией","Психология"
"Изучаю детскую психологию","Психология"
"Смотрю и читаю сексологов","Психология"
"Увлекаюсь социальной психологией","Психология"
"Интересуюсь нейропсихологией","Психология"
"Люблю гештальт-терапию","Психология"
"Изучаю кризисы среднего возраста","Психология"
"Читаю книги по самопомощи","Психология"
"Практикую медитацию и майндфулнес","Психология"
"Изучаю психологию отношений","Психология"
"Увлекаюсь позитивной психологией","Психология"
"Читаю книги по саморазвитию","Психология"
"Интересуюсь психологией личности","Психология"
"Люблю разгадывать психологические тесты","Психология"
"Изучаю эмоциональный интеллект","Психология"
"Интересуюсь кризисным консалтингом","Психология"
"Читаю про психосоматику","Психология"
"Люблю наблюдать за поведением людей","Психология"
"Интересуюсь психопатологией","Психология"
"Изучаю психологию мотивации","Психология"
"Люблю анализировать сны","Психология"
"Интересуюсь психологией масс","Психология"
"Практикую психотерапию","Психология"
"Читаю книги по психологии личности","Психология"
"Интересуюсь травмотерапией","Психология"
"Люблю смотреть психологические фильмы","Психология"
"Читаю статьи по психологии","Психология"
"Интересуюсь психологией восприятия","Психология"
"Практикую арт-терапию","Психология"
"Изучаю психологию творчества","Психология"
"Интересуюсь психологией лидерства","Психология"
"Читаю про психологию успеха","Психология"
"Интересуюсь кризисной психологией","Психология"
"Практикую коучинг","Психология"
"Люблю изучать психические расстройства","Психология"
"Интересуюсь клинической психологией","Психология"
"Читаю книги по психологии семьи","Психология"
"Интересуюсь экзистенциальной психологией","Психология"
"Люблю разбирать психологические эксперименты","Психология"
"Изучаю возрастную психологию","Психология"
"Интересуюсь эволюционной психологией","Психология"
"Читаю про психологию зависимости","Психология"
"Практикую телесно-ориентированную терапию","Психология"
"Интересуюсь психологией стресса","Психология"
"Люблю обсуждать психологические теории","Психология"
"Участвую в онлайн-курсах","Образование"
"Читаю научные статьи","Образование"
"Интересуюсь педагогикой","Образование"
"Люблю изучать новые языки","Образование"
"Практикую домашнее обучение","Образование"
"Изучаю образовательные технологии","Образование"
"Интересуюсь дистанционным обучением","Образование"
"Участвую в вебинарах","Образование"
"Люблю читать учебники","Образование"
"Интересуюсь STEM-образованием","Образование"
"Практикую образовательные игры","Образование"
"Читаю научно-популярные книги","Образование"
"Интересуюсь инклюзивным образованием","Образование"
"Участвую в образовательных конференциях","Образование"
"Люблю изучать историю","Образование"
"Интересуюсь филологией","Образование"
"Читаю книги по философии","Образование"
"Практикую критическое мышление","Образование"
"Интересуюсь культурологией","Образование"
"Участвую в научных исследованиях","Образование"
"Люблю учить детей","Образование"
"Интересуюсь искусством преподавания","Образование"
"Читаю педагогические журналы","Образование"
"Практикую наставничество","Образование"
"Интересуюсь образовательной политикой","Образование"
"Участвую в научных клубах","Образование"
"Люблю обучать взрослых","Образование"
"Интересуюсь психологией образования","Образование"
"Читаю книги по истории науки","Образование"
"Практикую проектное обучение","Образование"
"Интересуюсь методиками преподавания","Образование"
"Участвую в образовательных проектах","Образование"
"Люблю разрабатывать учебные программы","Образование"
"Интересуюсь цифровыми инструментами обучения","Образование"
"Читаю статьи по методике преподавания","Образование"
"Практикую образование через игры","Образование"
"Интересуюсь виртуальной реальностью в обучении","Образование"
"Участвую в школьных мероприятиях","Образование"
"Люблю развивать школьников","Образование"
"Интересуюсь менеджментом в образовании","Образование"
"Читаю книги по психологии детей","Образование"
"Практикую коучинг в образовании","Образование"
"Интересуюсь оцениванием знаний","Образование"
"Участвую в международных образовательных проектах","Образование"
"Люблю учить через практику","Образование"
"Интересуюсь наукой об обучении","Образование"
"Читаю книги по дидактике","Образование"
"Практикую проблемное обучение","Образование"
"Интересуюсь образовательными тенденциями","Образование"
"Участвую в образовательных форумах","Образование"
"Увлекаюсь классическими автомобилями","Автомобили"
"Люблю спорткары","Автомобили"
"Интересуюсь электромобилями","Автомобили"
"Практикую дрифтинг","Автомобили"
"Люблю тюнинг автомобилей","Автомобили"
"Интересуюсь автоспортом","Автомобили"
"Читаю автожурналы","Автомобили"
"Участвую в автосоревнованиях","Автомобили"
"Интересуюсь внедорожниками","Автомобили"
"Люблю кабриолеты","Автомобили"
"Увлекаюсь ретро-автомобилями","Автомобили"
"Интересуюсь автодизайном","Автомобили"
"Практикую автомоделирование","Автомобили"
"Люблю классические мотоциклы","Автомобили"
"Интересуюсь мотоспортом","Автомобили"
"Читаю книги об автомобильной индустрии","Автомобили"
"Участвую в автомероприятиях","Автомобили"
"Люблю быстрые машины","Автомобили"
"Интересуюсь автомобилями премиум-класса","Автомобили"
"Практикую ралли","Автомобили"
"Читаю автомобильные блоги","Автомобили"
"Увлекаюсь реставрацией авто","Автомобили"
"Интересуюсь гибридными автомобилями","Автомобили"
"Люблю ретро-машины","Автомобили"
"Практикую картинг","Автомобили"
"Участвую в автопробегах","Автомобили"
"Интересуюсь автотюнингом","Автомобили"
"Читаю о новинках автопрома","Автомобили"
"Люблю автомобили с историей","Автомобили"
"Интересуюсь автодеталями","Автомобили"
"Практикую автомобильные путешествия","Автомобили"
"Читаю автобиографии автогонщиков","Автомобили"
"Участвую в автошоу","Автомобили"
"Интересуюсь автомобилями класса люкс","Автомобили"
"Люблю быстрые гонки","Автомобили"
"Практикую драгрейсинг","Автомобили"
"Читаю автоновости","Автомобили"
"Увлекаюсь автоэкспертизой","Автомобили"
"Интересуюсь концептуальными автомобилями","Автомобили"
"Люблю автомобили для дрифта","Автомобили"
"Практикую автофотографию","Автомобили"
"Читаю автобиографии инженеров","Автомобили"
"Участвую в автопутешествиях","Автомобили"
"Интересуюсь автомузеями","Автомобили"
"Люблю автомобили с уникальным дизайном","Автомобили"
"Практикую автотуризм","Автомобили"
"Читаю автопутеводители","Автомобили"
"Увлекаюсь спортивными автомобилями","Автомобили"
"Интересуюсь автомобилями для ралли","Автомобили"
"Люблю автомобили с передовыми технологиями","Автомобили"
"вяжу","Рукоделие"
"вязание","Рукоделие"
"вышивка","Рукоделие"
"швея","Рукоделие"
"шитье","Рукоделие"
"квилтинг","Рукоделие"
"макраме","Рукоделие"
"плетение из бисера","Рукоделие"
"пэчворк","Рукоделие"
"скрапбукинг","Рукоделие"
"рисование","Рукоделие"
"лепка из глины","Рукоделие"
"гончарство","Рукоделие"
"флористика","Рукоделие"
"работа с кожей","Рукоделие"
"изготовление игрушек","Рукоделие"
"бисероплетение","Рукоделие"
"топиарии","Рукоделие"
"литье свечей","Рукоделие"
"столярное дело","Рукоделие"
"графический дизайн","Рукоделие"
"выжигание по дереву","Рукоделие"
"изготовление бижутерии","Рукоделие"
"Вяжу крючком","Рукоделие"
"Шью одежду","Рукоделие"
"Люблю вышивать крестиком","Рукоделие"
"Занимаюсь квиллингом","Рукоделие"
"Практикую макраме","Рукоделие"
"Люблю создавать украшения","Рукоделие"
"Занимаюсь скрапбукингом","Рукоделие"
"Интересуюсь фелтингом","Рукоделие"
"Люблю рисовать","Рукоделие"
"Занимаюсь декупажем","Рукоделие"
"Практикую создание мыла","Рукоделие"
"Люблю делать свечи","Рукоделие"
"Интересуюсь керамикой","Рукоделие"
"Вяжу на спицах","Рукоделие"
"Занимаюсь кукольным делом","Рукоделие"
"Практикую резьбу по дереву","Рукоделие"
"Люблю работать с глиной","Рукоделие"
"Занимаюсь лоскутным шитьем","Рукоделие"
"Интересуюсь бисероплетением","Рукоделие"
"Люблю создавать открытки","Рукоделие"
"Практикую печворк","Рукоделие"
"Занимаюсь вышивкой лентами","Рукоделие"
"Интересуюсь валянием","Рукоделие"
"Люблю делать аппликации","Рукоделие"
"Занимаюсь изготовлением игрушек","Рукоделие"
"Практикую выжигание по дереву","Рукоделие"
"Люблю создавать цветы из бумаги","Рукоделие"
"Люблю модернизм","Архитектура"
"Интересуюсь готической архитектурой","Архитектура"
"Увлекаюсь классической архитектурой","Архитектура"
"Люблю барокко","Архитектура"
"Изучаю ренессанс","Архитектура"
"Интересуюсь брутализмом","Архитектура"
"Люблю ар-деко","Архитектура"
"Увлекаюсь конструктивизмом","Архитектура"
"Интересуюсь хай-теком","Архитектура"
"Люблю минимализм","Архитектура"
"Изучаю эклектику","Архитектура"
"Увлекаюсь футуризмом","Архитектура"
"Интересуюсь романским стилем","Архитектура"
"Люблю неоклассицизм","Архитектура"
"Увлекаюсь неоготикой","Архитектура"
"Интересуюсь неоренессансом","Архитектура"
"Люблю постмодернизм","Архитектура"
"Увлекаюсь органической архитектурой","Архитектура"
"Изучаю восточную архитектуру","Архитектура"
"Интересуюсь древнеримской архитектурой","Архитектура"
"Люблю древнегреческую архитектуру","Архитектура"
"Увлекаюсь ландшафтной архитектурой","Архитектура"
"Интересуюсь деревянным зодчеством","Архитектура"
"Люблю архитектурные памятники","Архитектура"
"Увлекаюсь реконструкцией зданий","Архитектура"
"Интересуюсь архитектурой будущего","Архитектура"
"Люблю современные здания","Архитектура"
"Изучаю архитектурное проектирование","Архитектура"
"Увлекаюсь городским планированием","Архитектура"
"Интересуюсь архитектурой мостов","Архитектура"
"Люблю здание небоскрёбов","Архитектура"
"Увлекаюсь интерьерным дизайном","Архитектура"
"Изучаю историю архитектуры","Архитектура"
"Интересуюсь национальными стилями","Архитектура"
"Люблю архитектурные выставки","Архитектура"
"Увлекаюсь археологией","Архитектура"
"Интересуюсь реновацией зданий","Архитектура"
"Люблю архитектуру парков","Архитектура"
"Увлекаюсь промышленным дизайном","Архитектура"
"Изучаю архитектуру высоток","Архитектура"
"Интересуюсь планировкой городов","Архитектура"
"Люблю эко-архитектуру","Архитектура"
"Увлекаюсь архитектурой музеев","Архитектура"
"Изучаю архитектуру театров","Архитектура"
"Интересуюсь архитектурой стадионов","Архитектура"
"Люблю архитектуру аэропортов","Архитектура"
"Увлекаюсь архитектурой вокзалов","Архитектура"
"Изучаю архитектурные проекты","Архитектура"
"Интересуюсь дизайном общественных зданий","Архитектура"
"Люблю архитектуру учебных заведений","Архитектура"
"Читаю гороскопы","Астрология"
"Увлекаюсь натальной астрологией","Астрология"
"Люблю изучать знаки зодиака","Астрология"
"Интересуюсь лунными фазами","Астрология"
"Практикую астрологические прогнозы","Астрология"
"Читаю книги по астрологии","Астрология"
"Увлекаюсь ведической астрологией","Астрология"
"Люблю изучать ретроградные планеты","Астрология"
"Интересуюсь планетарными аспектами","Астрология"
"Читаю астрологические блоги","Астрология"
"Увлекаюсь кармической астрологией","Астрология"
"Люблю анализировать астрологические карты","Астрология"
"Интересуюсь синастрией","Астрология"
"Читаю про транзиты планет","Астрология"
"Практикую мунданную астрологию","Астрология"
"Увлекаюсь астрологией профессий","Астрология"
"Люблю изучать астрологические дома","Астрология"
"Интересуюсь прогрессиями","Астрология"
"Читаю книги по эзотерической астрологии","Астрология"
"Увлекаюсь медицинской астрологией","Астрология"
"Люблю астрологические курсы","Астрология"
"Интересуюсь астрологией совместимости","Астрология"
"Практикую элективную астрологию","Астрология"
"Увлекаюсь астрологией личности","Астрология"
"Люблю анализировать солнечные и лунные затмения","Астрология"
"Интересуюсь астрологией любви","Астрология"
"Читаю астрологические прогнозы","Астрология"
"Увлекаюсь традиционной астрологией","Астрология"
"Люблю изучать астрологические влияния","Астрология"
"Интересуюсь гармониками","Астрология"
"Практикую христианскую астрологию","Астрология"
"Увлекаюсь китайской астрологией","Астрология"
"Люблю анализировать композитные карты","Астрология"
"Интересуюсь планетарными возвратами","Астрология"
"Читаю астрологические журналы","Астрология"
"Увлекаюсь астрологией бизнеса","Астрология"
"Люблю изучать затмения","Астрология"
"Интересуюсь астрологией судьбы","Астрология"
"Практикую астрологию событий","Астрология"
"Увлекаюсь предсказательной астрологией","Астрология"
"Люблю изучать лунные узлы","Астрология"
"Интересуюсь солярами","Астрология"
"Читаю астрологические статьи","Астрология"
"Увлекаюсь астрологией здоровья","Астрология"
"Люблю анализировать аспекты планет","Астрология"
"Интересуюсь астрологией детства","Астрология"
"Практикую кармические узлы","Астрология"
"Увлекаюсь астрологией развития","Астрология"
"Люблю астрологические прогнозы на год","Астрология"
"Интересуюсь планетарными циклами","Астрология"
"Активист за права человека","социальные  движения + политика"
"Поддерживаю феминизм","социальные  движения + политика"
"Интересуюсь экологией","социальные  движения + политика"
"Участвую в митингах","социальные  движения + политика"
"Поддерживаю ЛГБТК+ права","социальные  движения + политика"
"Читаю политические новости","социальные  движения + политика"
"Интересуюсь анархизмом","социальные  движения + политика"
"Поддерживаю демократию","социальные  движения + политика"
"Участвую в волонтерских проектах","социальные  движения + политика"
"Интересуюсь социализмом","социальные  движения + политика"
"Читаю о гражданских правах","социальные  движения + политика"
"Поддерживаю права животных","социальные  движения + политика"
"Интересуюсь антикоррупционными движениями","социальные  движения + политика"
"Участвую в социальных кампаниях","социальные  движения + политика"
"Поддерживаю антиглобализм","социальные  движения + политика"
"Читаю о политических движениях","социальные  движения + политика"
"Интересуюсь правами меньшинств","социальные  движения + политика"
"Поддерживаю права мигрантов","социальные  движения + политика"
"Участвую в политических дебатах","социальные  движения + политика"
"Интересуюсь либертарианством","социальные  движения + политика"
"Читаю о социальных реформах","социальные  движения + политика"
"Поддерживаю антифашизм","социальные  движения + политика"
"Интересуюсь трудовыми правами","социальные  движения + политика"
"Участвую в мирных протестах","социальные  движения + политика"
"Поддерживаю права женщин","социальные  движения + политика"
"Читаю о политической философии","социальные  движения + политика"
"Интересуюсь правозащитными организациями","социальные  движения + политика"
"Поддерживаю гражданскую активность","социальные  движения + политика"
"Участвую в общественных движениях","социальные  движения + политика"
"Интересуюсь политическими партиями","социальные  движения + политика"
"Читаю о международной политике","социальные  движения + политика"
"Поддерживаю права инвалидов","социальные  движения + политика"
"Участвую в кампаниях за справедливость","социальные  движения + политика"
"Интересуюсь политическим активизмом","социальные  движения + политика"
"Читаю о реформаторских движениях","социальные  движения + политика"
"Поддерживаю права студентов","социальные  движения + политика"
"Участвую в социальных инициативах","социальные  движения + политика"
"Интересуюсь общественными реформами","социальные  движения + политика"
"Читаю о политической истории","социальные  движения + политика"
"Поддерживаю борьбу с бедностью","социальные  движения + политика"
"Участвую в благотворительности","социальные  движения + политика"
"Интересуюсь правами детей","социальные  движения + политика"
"Читаю о социальном равенстве","социальные  движения + политика"
"Поддерживаю борьбу с расизмом","социальные  движения + политика"
"Участвую в общественных акциях","социальные  движения + политика"
"Интересуюсь политической экономией","социальные  движения + политика"
"Читаю о социальной справедливости","социальные  движения + политика"
"Поддерживаю права трудящихся","социальные  движения + политика"
"Участвую в акциях солидарности","социальные  движения + политика"
"Интересуюсь правами граждан","социальные  движения + политика"
"Веду личный блог","медиа"
"Веду страницу в Instagram","медиа"
"Подписан на популярных инфлюенсеров","медиа"
"Люблю снимать влог","медиа"
"Увлекаюсь сторителлингом","медиа"
"Интересуюсь видеомонтажом","медиа"
"Веду аккаунт в TikTok","медиа"
"Люблю редактировать фото","медиа"
"Веду YouTube-канал","медиа"
"Увлекаюсь подкастингом","медиа"
"Читаю о цифровом маркетинге","медиа"
"Пишу статьи для блога","медиа"
"Люблю создавать контент","медиа"
"Увлекаюсь интернет-журналистикой","медиа"
"Интересуюсь SEO","медиа"
"Веду блог о путешествиях","медиа"
"Читаю о SMM","медиа"
"Увлекаюсь графическим дизайном","медиа"
"Пишу кулинарный блог","медиа"
"Интересуюсь продвижением бренда","медиа"
"Люблю создавать инфографику","медиа"
"Веду блог о моде","медиа"
"Читаю про стратегию контента","медиа"
"Увлекаюсь фотографией","медиа"
"Веду блог о здоровье","медиа"
"Интересуюсь аналитикой соцсетей","медиа"
"Люблю создавать видеоконтент","медиа"
"Веду блог о технике","медиа"
"Читаю о копирайтинге","медиа"
"Увлекаюсь инфлюенс-маркетингом","медиа"
"Пишу блог о книгах","медиа"
"Интересуюсь таргетингом","медиа"
"Веду блог о спорте","медиа"
"Люблю создавать мемы","медиа"
"Увлекаюсь видеостримингом","медиа"
"Читаю о монетизации контента","медиа"
"Веду блог о DIY","медиа"
"Интересуюсь PR","медиа"
"Люблю создавать подкасты","медиа"
"Увлекаюсь лайвстримами","медиа"
"Веду блог о кино","медиа"
"Читаю о персональном брендинге","медиа"
"Интересуюсь контент-маркетингом","медиа"
"Веду блог о животных","медиа"
"Люблю создавать анимацию","медиа"
"Увлекаюсь цифровым артом","медиа"
"Веду блог о садоводстве","медиа"
"Читаю о виральном контенте","медиа"
"Интересуюсь краудфандингом","медиа"
"Веду блог о музыке","медиа"
"Увлекаюсь зимней рыбалкой","рыбалка"
"Люблю рыбачить на удочку","рыбалка"
"Интересуюсь спиннингом","рыбалка"
"Практикую фидерную рыбалку","рыбалка"
"Люблю карповую ловлю","рыбалка"
"Увлекаюсь морской рыбалкой","рыбалка"
"Читаю о нахлыстовой рыбалке","рыбалка"
"Интересуюсь ловлей на поплавок","рыбалка"
"Люблю рыбачить с лодки","рыбалка"
"Увлекаюсь ловлей хищной рыбы","рыбалка"
"Практикую ночную рыбалку","рыбалка"
"Читаю о приманках","рыбалка"
"Интересуюсь подводной охотой","рыбалка"
"Люблю ловлю на донку","рыбалка"
"Увлекаюсь соревнованиями по рыбалке","рыбалка"
"Практикую рыбалку на реках","рыбалка"
"Читаю о рыболовных снастях","рыбалка"
"Интересуюсь ловлей на мормышку","рыбалка"
"Люблю рыбачить на озерах","рыбалка"
"Увлекаюсь ловлей на живца","рыбалка"
"Практикую рыбалку на течении","рыбалка"
"Читаю о ловле леща","рыбалка"
"Интересуюсь рыбалкой на щуку","рыбалка"
"Люблю ловить форель","рыбалка"
"Увлекаюсь ловлей на балансир","рыбалка"
"Практикую рыбалку на карася","рыбалка"
"Читаю о ловле судака","рыбалка"
"Интересуюсь ловлей сома","рыбалка"
"Люблю рыбачить на берегу","рыбалка"
"Увлекаюсь ловлей на искусственные приманки","рыбалка"
"Практикую рыбалку на тихих водах","рыбалка"
"Читаю о рыболовных техниках","рыбалка"
"Интересуюсь ловлей окуня","рыбалка"
"Люблю ловить красноперку","рыбалка"
"Увлекаюсь ловлей голавля","рыбалка"
"Практикую рыбалку на леща","рыбалка"
"Читаю о рыболовных клубах","рыбалка"
"Интересуюсь ловлей угря","рыбалка"
"Люблю рыбачить на зимних водоемах","рыбалка"
"Увлекаюсь ловлей на фидер","рыбалка"
"Практикую рыбалку на густеру","рыбалка"
"Читаю о рыболовных соревнованиях","рыбалка"
"Интересуюсь ловлей на блесну","рыбалка"
"Люблю ловить карпа","рыбалка"
"Увлекаюсь ловлей на живца","рыбалка"
"Практикую рыбалку на судака","рыбалка"
"Читаю о рыболовных традициях","рыбалка"
"Интересуюсь ловлей трофейной рыбы","рыбалка"
"Люблю рыбачить на мелководье","рыбалка"
"Увлекаюсь рыбалкой на море","рыбалка"
"Люблю собак","питомцы"
"Интересуюсь кошками","питомцы"
"Увлекаюсь птицами","питомцы"
"Читаю о домашних животных","питомцы"
"Люблю рыбок","питомцы"
"Увлекаюсь грызунами","питомцы"
"Интересуюсь экзотическими животными","питомцы"
"Читаю о ветеринарии","питомцы"
"Люблю кормить животных","питомцы"
"Увлекаюсь дрессировкой","питомцы"
"Интересуюсь аквариумистикой","питомцы"
"Читаю о породах собак","питомцы"
"Люблю изучать породы кошек","питомцы"
"Увлекаюсь разведением животных","питомцы"
"Интересуюсь зоотоварами","питомцы"
"Читаю о поведении животных","питомцы"
"Люблю заниматься зоотерапией","питомцы"
"Увлекаюсь уходом за питомцами","питомцы"
"Интересуюсь животными в доме","питомцы"
"Читаю о питомниках","питомцы"
"Люблю ходить на выставки животных","питомцы"
"Увлекаюсь фотографией животных","питомцы"
"Интересуюсь спасением животных","питомцы"
"Читаю о здоровье питомцев","питомцы"
"Люблю прогулки с собаками","питомцы"
"Увлекаюсь разведением кошек","питомцы"
"Интересуюсь животными из приютов","питомцы"
"Читаю о кормлении животных","питомцы"
"Люблю играть с питомцами","питомцы"
"Увлекаюсь выставками собак","питомцы"
"Интересуюсь выставками кошек","питомцы"
"Читаю о дрессировке собак","питомцы"
"Люблю изучать аквариумных рыбок","питомцы"
"Увлекаюсь разведением грызунов","питомцы"
"Интересуюсь экзотическими птицами","питомцы"
"Читаю о ветеринарных клиниках","питомцы"
"Люблю заниматься агилити","питомцы"
"Увлекаюсь уходом за шерстью","питомцы"
"Интересуюсь кошачьими повадками","питомцы"
"Читаю о птичьих клетках","питомцы"
"Люблю участвовать в соревнованиях с питомцами","питомцы"
"Увлекаюсь животными на ферме","питомцы"
"Интересуюсь породами попугаев","питомцы"
"Читаю о домашних террариумах","питомцы"
"Люблю заниматься канистерапией","питомцы"
"Увлекаюсь аквариумным дизайном","питомцы"
"Интересуюсь редкими породами животных","питомцы"
"Читаю о ветеринарных советах","питомцы"
"Люблю брать животных на природу","питомцы"
"Увлекаюсь уходом за аквариумом","питомцы"
"Выращиваю цветы","сад и огород"
"Занимаюсь огородом","сад и огород"
"Увлекаюсь ландшафтным дизайном","сад и огород"
"Люблю комнатные растения","сад и огород"
"Сажаю деревья","сад и огород"
"Занимаюсь садоводством","сад и огород"
"Интересуюсь теплицами","сад и огород"
"Выращиваю овощи","сад и огород"
"Люблю цветочный дизайн","сад и огород"
"Увлекаюсь плодовыми культурами","сад и огород"
"Использую садовые инструменты","сад и огород"
"Занимаюсь гидропоникой","сад и огород"
"Выращиваю ягоды","сад и огород"
"Интересуюсь садовыми постройками","сад и огород"
"Борюсь с вредителями","сад и огород"
"Делать компост","сад и огород"
"Проектирую ландшафты","сад и огород"
"Устраиваю садовые дорожки","сад и огород"
"Выращиваю декоративные растения","сад и огород"
"Поливаю растения","сад и огород"
"Увлекаюсь садовым искусством","сад и огород"
"Интересуюсь органическим земледелием","сад и огород"
"Создаю зеленые изгороди","сад и огород"
"Выращиваю травы","сад и огород"
"Устраиваю альпийские горки","сад и огород"
"Занимаюсь бонсай","сад и огород"
"Интересуюсь вертикальным озеленением","сад и огород"
"Выращиваю экзотические растения","сад и огород"
"Создаю садовые пруды","сад и огород"
"Занимаюсь мульчированием","сад и огород"
"Устраиваю садовые беседки","сад и огород"
"Увлекаюсь суккулентами","сад и огород"
"Интересуюсь растениями для балкона","сад и огород"
"Использую удобрения","сад и огород"
"Создаю цветники","сад и огород"
"Занимаюсь органическим садоводством","сад и огород"
"Устраиваю водоемы","сад и огород"
"Интересуюсь садовыми скульптурами","сад и огород"
"Занимаюсь выращиванием роз","сад и огород"
"Создаю травяные сады","сад и огород"
"Устраиваю зоны отдыха в саду","сад и огород"
"Интересуюсь садовыми аксессуарами","сад и огород"
"Выращиваю цитрусовые","сад и огород"
"Занимаюсь посевом семян","сад и огород"
"Создаю мини-сады","сад и огород"
"Устраиваю садовые фонтаны","сад и огород"
"Интересуюсь растениями для тени","сад и огород"
"Занимаюсь зелеными стенами","сад и огород"
"Устраиваю садовые лавочки","сад и огород"
"Люблю проводить время в саду","сад и огород"
"туризм","Путешествия"
"путешествия на велосипеде","Путешествия"
"путешествия на мотоцикле","Путешествия"
"серфинг","Путешествия"
"дайвинг","Путешествия"
"альпинизм","Путешествия"
"путешествия по России","Путешествия"
"экотуризм","Путешествия"
"походы","Путешествия"
"походы с палатками","Путешествия"
"экспедиции","Путешествия"
"скалолазание","Путешествия"
"экскурсовод","Путешествия"
"рафтинг","Путешествия"
"подводное плавание","Путешествия"
"люблю Питер","Путешествия"
"Люблю пляжный отдых","Путешествия"
"Увлекаюсь горными походами","Путешествия"
"Интересуюсь культурными путешествиями","Путешествия"
"Путешествую автостопом","Путешествия"
"Люблю круизы","Путешествия"
"Увлекаюсь гастрономическими турами","Путешествия"
"Интересуюсь экотуризмом","Путешествия"
"Путешествую на поезде","Путешествия"
"Люблю сафари","Путешествия"
"Увлекаюсь приключенческими турами","Путешествия"
"Интересуюсь историческими местами","Путешествия"
"Путешествую на велосипеде","Путешествия"
"Люблю активный отдых","Путешествия"
"Увлекаюсь городской архитектурой","Путешествия"
"Интересуюсь местными традициями","Путешествия"
"Путешествую с рюкзаком","Путешествия"
"Люблю музеи","Путешествия"
"Увлекаюсь пляжным волейболом","Путешествия"
"Интересуюсь природными заповедниками","Путешествия"
"Путешествую с палаткой","Путешествия"
"Люблю городские экскурсии","Путешествия"
"Увлекаюсь сафари на джипах","Путешествия"
"Интересуюсь ночными рынками","Путешествия"
"Путешествую на лодке","Путешествия"
"Люблю отдых на островах","Путешествия"
"Увлекаюсь треккингом","Путешествия"
"Интересуюсь архитектурными памятниками","Путешествия"
"Путешествую по национальным паркам","Путешествия"
"Люблю экскурсии по пещерам","Путешествия"
"Увлекаюсь аквапарками","Путешествия"
"Интересуюсь сельским туризмом","Путешествия"
"Путешествую по древним руинам","Путешествия"
"Люблю фототуры","Путешествия"
"Увлекаюсь винными турами","Путешествия"
