"tag,""tag_group"""
"Р‘РµРі,""РЎРїРѕСЂС‚"""
"РџР»Р°РІР°РЅРёРµ,""РЎРїРѕСЂС‚"""
"Р•Р·РґР° РЅР° РІРµР»РѕСЃРёРїРµРґРµ,""РЎРїРѕСЂС‚"""
"РђСЌСЂРѕР±РёРєР°,""РЎРїРѕСЂС‚"""
"Р™РѕРіР°,""РЎРїРѕСЂС‚"""
"РџРёР»Р°С‚РµСЃ,""РЎРїРѕСЂС‚"""
"РљСЂРѕСЃСЃС„РёС‚,""РЎРїРѕСЂС‚"""
"Р—СѓРјР±Р°,""РЎРїРѕСЂС‚"""
"РўР°РЅС†С‹,""РЎРїРѕСЂС‚"""
"Р•РґРёРЅРѕР±РѕСЂСЃС‚РІР°,""РЎРїРѕСЂС‚"""
"Р‘РѕРµРІС‹Рµ РёСЃРєСѓСЃСЃС‚РІР°,""РЎРїРѕСЂС‚"""
"Р¤СѓС‚Р±РѕР»,""РЎРїРѕСЂС‚"""
"Р‘Р°СЃРєРµС‚Р±РѕР»,""РЎРїРѕСЂС‚"""
"Р’РѕР»РµР№Р±РѕР»,""РЎРїРѕСЂС‚"""
"РўРµРЅРЅРёСЃ,""РЎРїРѕСЂС‚"""
"Р“РѕР»СЊС„,""РЎРїРѕСЂС‚"""
"РҐРѕРєРєРµР№,""РЎРїРѕСЂС‚"""
"Р¤РёРіСѓСЂРЅРѕРµ РєР°С‚Р°РЅРёРµ,""РЎРїРѕСЂС‚"""
"Р›С‹Р¶Рё,""РЎРїРѕСЂС‚"""
"РЎРЅРѕСѓР±РѕСЂРґ,""РЎРїРѕСЂС‚"""
"РЎРµСЂС„РёРЅРі,""РЎРїРѕСЂС‚"""
"Р’РёРЅРґСЃРµСЂС„РёРЅРі,""РЎРїРѕСЂС‚"""
"РљР°СЏРєРёРЅРі,""РЎРїРѕСЂС‚"""
"РўСѓСЂРёР·Рј,""РЎРїРѕСЂС‚"""
"РђР»СЊРїРёРЅРёР·Рј,""РЎРїРѕСЂС‚"""
"РЎРєР°Р»РѕР»Р°Р·Р°РЅРёРµ,""РЎРїРѕСЂС‚"""
"Р’РµР»РѕРіРѕРЅРєРё,""РЎРїРѕСЂС‚"""
"РљСЂР°СЃРѕС‡РЅС‹Р№ Р·Р°Р±РµРі,""РЎРїРѕСЂС‚"""
"РўСЂРёР°С‚Р»РѕРЅ,""РЎРїРѕСЂС‚"""
"РџРѕРєРѕСЂРёР» Р­Р»СЊР±СЂСѓСЃ,""РЎРїРѕСЂС‚"""
"РњРњРђ,""РЎРїРѕСЂС‚"""
"Р‘РѕРґРёР±РёР»РґРёРЅРі,""РЎРїРѕСЂС‚"""
"РџР»Р°РІР°РЅРёРµ,""РЎРїРѕСЂС‚"""
"Р“РёРјРЅР°СЃС‚РёРєР°,""РЎРїРѕСЂС‚"""
"РљРёРєР±РѕРєСЃРёРЅРі,""РЎРїРѕСЂС‚"""
"РџРёР»РѕРЅ,""РЎРїРѕСЂС‚"""
"РІС‹РїРµС‡РєР°,""РљСѓР»РёРЅР°СЂРёСЏ"""
"РїРµРєР°СЂСЃС‚РІРѕ,""РљСѓР»РёРЅР°СЂРёСЏ"""
"РіРѕС‚РѕРІР»СЋ С€РѕРєРѕР»Р°Рґ,""РљСѓР»РёРЅР°СЂРёСЏ"""
"РіРѕС‚РѕРІР»СЋ РєРѕРЅС„РµС‚С‹,""РљСѓР»РёРЅР°СЂРёСЏ"""
"РїРµРєСѓ С…Р»РµР±,""РљСѓР»РёРЅР°СЂРёСЏ"""
"РґРµР»Р°СЋ С‚РѕСЂС‚РёРєРё,""РљСѓР»РёРЅР°СЂРёСЏ"""
"СЃРѕРјРµР»СЊРµ,""РљСѓР»РёРЅР°СЂРёСЏ"""
"BBQ,""РљСѓР»РёРЅР°СЂРёСЏ"""
"Р»СЋР±Р»СЋ С€Р°С€Р»С‹Рє,""РљСѓР»РёРЅР°СЂРёСЏ"""
"РІРµРіР°РЅ,""РљСѓР»РёРЅР°СЂРёСЏ"""
"РІРµРіР°С‚РµСЂРёР°РЅРµС†,""РљСѓР»РёРЅР°СЂРёСЏ"""
"Р·РґРѕСЂРѕРІР°СЏ РµРґР°,""РљСѓР»РёРЅР°СЂРёСЏ"""
"Р»СЋР±Р»СЋ РёС‚Р°Р»СЊСЏРЅСЃРєСѓСЋ РєСѓС…РЅСЋ,""РљСѓР»РёРЅР°СЂРёСЏ"""
"Р»СЋР±Р»СЋ РіРѕС‚РѕРІРёС‚СЊ,""РљСѓР»РёРЅР°СЂРёСЏ"""
"Р±Р°СЂС‹,""РљСѓР»РёРЅР°СЂРёСЏ"""
"РґРµСЃРµСЂС‚С‹,""РљСѓР»РёРЅР°СЂРёСЏ"""
"С„СѓРґ-Р±Р»РѕРіРµСЂ,""РљСѓР»РёРЅР°СЂРёСЏ"""
"СЂР°Р±РѕС‚Р°СЋ РІ СЂРµСЃС‚РѕСЂР°РЅРµ,""РљСѓР»РёРЅР°СЂРёСЏ"""
"С„СЂР°РЅС†СѓР·СЃРєР°СЏ РєСѓС…РЅСЏ,""РљСѓР»РёРЅР°СЂРёСЏ"""
"С€РµС„-РїРѕРІР°СЂ,""РљСѓР»РёРЅР°СЂРёСЏ"""
"РїРѕРІР°СЂ,""РљСѓР»РёРЅР°СЂРёСЏ"""
"РјРѕР»РµРєСѓР»СЏСЂРЅР°СЏ РєСѓС…РЅСЏ,""РљСѓР»РёРЅР°СЂРёСЏ"""
"Р±Р°СЂРјРµРЅ,""РљСѓР»РёРЅР°СЂРёСЏ"""
"РїР°Р±,""РљСѓР»РёРЅР°СЂРёСЏ"""
"СЃРѕРјРµР»СЊРµ,""РљСѓР»РёРЅР°СЂРёСЏ"""
"Р»СЋР±Р»СЋ РІРёРЅРѕ,""РљСѓР»РёРЅР°СЂРёСЏ"""
"РџСЂРѕРіСЂР°РјРјРёСЂРѕРІР°РЅРёРµ,""РРЅС„РѕСЂРјР°С†РёРѕРЅРЅС‹Рµ С‚РµС…РЅРѕР»РѕРіРёРё"""
"РљСЂРёРїС‚РѕРІР°Р»СЋС‚Р°,""РРЅС„РѕСЂРјР°С†РёРѕРЅРЅС‹Рµ С‚РµС…РЅРѕР»РѕРіРёРё"""
"Р’РµР±-СЂР°Р·СЂР°Р±РѕС‚РєР°,""РРЅС„РѕСЂРјР°С†РёРѕРЅРЅС‹Рµ С‚РµС…РЅРѕР»РѕРіРёРё"""
"РњРѕР±РёР»СЊРЅС‹Рµ РїСЂРёР»РѕР¶РµРЅРёСЏ,""РРЅС„РѕСЂРјР°С†РёРѕРЅРЅС‹Рµ С‚РµС…РЅРѕР»РѕРіРёРё"""
"РЇРЅРґРµРєСЃ,""РРЅС„РѕСЂРјР°С†РёРѕРЅРЅС‹Рµ С‚РµС…РЅРѕР»РѕРіРёРё"""
"РђРЅР°Р»РёР· РґР°РЅРЅС‹С…,""РРЅС„РѕСЂРјР°С†РёРѕРЅРЅС‹Рµ С‚РµС…РЅРѕР»РѕРіРёРё"""
"РСЃРєСѓСЃСЃС‚РІРµРЅРЅС‹Р№ РёРЅС‚РµР»Р»РµРєС‚,""РРЅС„РѕСЂРјР°С†РёРѕРЅРЅС‹Рµ С‚РµС…РЅРѕР»РѕРіРёРё"""
"РњР°С€РёРЅРЅРѕРµ РѕР±СѓС‡РµРЅРёРµ,""РРЅС„РѕСЂРјР°С†РёРѕРЅРЅС‹Рµ С‚РµС…РЅРѕР»РѕРіРёРё"""
"РЎР±РµСЂ,""РРЅС„РѕСЂРјР°С†РёРѕРЅРЅС‹Рµ С‚РµС…РЅРѕР»РѕРіРёРё"""
"РћР·РѕРЅ,""РРЅС„РѕСЂРјР°С†РёРѕРЅРЅС‹Рµ С‚РµС…РЅРѕР»РѕРіРёРё"""
"РљРёР±РµСЂР±РµР·РѕРїР°СЃРЅРѕСЃС‚СЊ,""РРЅС„РѕСЂРјР°С†РёРѕРЅРЅС‹Рµ С‚РµС…РЅРѕР»РѕРіРёРё"""
"РЎРёСЃС‚РµРјРЅС‹Р№ Р°РґРјРёРЅРёСЃС‚СЂР°С‚РѕСЂ,""РРЅС„РѕСЂРјР°С†РёРѕРЅРЅС‹Рµ С‚РµС…РЅРѕР»РѕРіРёРё"""
"РЎРµС‚РµРІС‹Рµ С‚РµС…РЅРѕР»РѕРіРёРё,""РРЅС„РѕСЂРјР°С†РёРѕРЅРЅС‹Рµ С‚РµС…РЅРѕР»РѕРіРёРё"""
"Р Р°Р·СЂР°Р±РѕС‚РєР° РёРіСЂ,""РРЅС„РѕСЂРјР°С†РёРѕРЅРЅС‹Рµ С‚РµС…РЅРѕР»РѕРіРёРё"""
"VR Рё AR С‚РµС…РЅРѕР»РѕРіРёРё,""РРЅС„РѕСЂРјР°С†РёРѕРЅРЅС‹Рµ С‚РµС…РЅРѕР»РѕРіРёРё"""
"IoT (РёРЅС‚РµСЂРЅРµС‚ РІРµС‰РµР№),""РРЅС„РѕСЂРјР°С†РёРѕРЅРЅС‹Рµ С‚РµС…РЅРѕР»РѕРіРёРё"""
"Р‘Р»РѕРєС‡РµР№РЅ С‚РµС…РЅРѕР»РѕРіРёРё,""РРЅС„РѕСЂРјР°С†РёРѕРЅРЅС‹Рµ С‚РµС…РЅРѕР»РѕРіРёРё"""
"РљРѕРјРїСЊСЋС‚РµСЂРЅР°СЏ РіСЂР°С„РёРєР°,""РРЅС„РѕСЂРјР°С†РёРѕРЅРЅС‹Рµ С‚РµС…РЅРѕР»РѕРіРёРё"""
"IT РєРѕРЅСЃР°Р»С‚РёРЅРі,""РРЅС„РѕСЂРјР°С†РёРѕРЅРЅС‹Рµ С‚РµС…РЅРѕР»РѕРіРёРё"""
"Python,""РРЅС„РѕСЂРјР°С†РёРѕРЅРЅС‹Рµ С‚РµС…РЅРѕР»РѕРіРёРё"""
"Java,""РРЅС„РѕСЂРјР°С†РёРѕРЅРЅС‹Рµ С‚РµС…РЅРѕР»РѕРіРёРё"""
"JavaScript,""РРЅС„РѕСЂРјР°С†РёРѕРЅРЅС‹Рµ С‚РµС…РЅРѕР»РѕРіРёРё"""
"Go,""РРЅС„РѕСЂРјР°С†РёРѕРЅРЅС‹Рµ С‚РµС…РЅРѕР»РѕРіРёРё"""
"Kotlin,""РРЅС„РѕСЂРјР°С†РёРѕРЅРЅС‹Рµ С‚РµС…РЅРѕР»РѕРіРёРё"""
"Flatter,""РРЅС„РѕСЂРјР°С†РёРѕРЅРЅС‹Рµ С‚РµС…РЅРѕР»РѕРіРёРё"""
"Swift,""РРЅС„РѕСЂРјР°С†РёРѕРЅРЅС‹Рµ С‚РµС…РЅРѕР»РѕРіРёРё"""
"Р Р°Р·СЂР°Р±РѕС‚РєР° РјРѕР±РёР»СЊРЅС‹С… РёРіСЂ,""РРЅС„РѕСЂРјР°С†РёРѕРЅРЅС‹Рµ С‚РµС…РЅРѕР»РѕРіРёРё"""
"Data Science,""РРЅС„РѕСЂРјР°С†РёРѕРЅРЅС‹Рµ С‚РµС…РЅРѕР»РѕРіРёРё"""
"Data Engineering,""РРЅС„РѕСЂРјР°С†РёРѕРЅРЅС‹Рµ С‚РµС…РЅРѕР»РѕРіРёРё"""
"Data Visualization,""РРЅС„РѕСЂРјР°С†РёРѕРЅРЅС‹Рµ С‚РµС…РЅРѕР»РѕРіРёРё"""
"Р РѕР±РѕС‚РѕС‚РµС…РЅРёРєР°,""РРЅС„РѕСЂРјР°С†РёРѕРЅРЅС‹Рµ С‚РµС…РЅРѕР»РѕРіРёРё"""
"РџСЂРѕРіСЂР°РјРјРёСЂРѕРІР°РЅРёРµ РЅР° C++,""РРЅС„РѕСЂРјР°С†РёРѕРЅРЅС‹Рµ С‚РµС…РЅРѕР»РѕРіРёРё"""
"Р Р°Р·СЂР°Р±РѕС‚РєР° РІРµР±-СЃРµСЂРІРёСЃРѕРІ,""РРЅС„РѕСЂРјР°С†РёРѕРЅРЅС‹Рµ С‚РµС…РЅРѕР»РѕРіРёРё"""
"РљРѕРјРїСЊСЋС‚РµСЂРЅРѕРµ Р·СЂРµРЅРёРµ,""РРЅС„РѕСЂРјР°С†РёРѕРЅРЅС‹Рµ С‚РµС…РЅРѕР»РѕРіРёРё"""
"РќРµР№СЂРѕРЅРЅС‹Рµ СЃРµС‚Рё,""РРЅС„РѕСЂРјР°С†РёРѕРЅРЅС‹Рµ С‚РµС…РЅРѕР»РѕРіРёРё"""
"Р“Р»СѓР±РѕРєРѕРµ РѕР±СѓС‡РµРЅРёРµ,""РРЅС„РѕСЂРјР°С†РёРѕРЅРЅС‹Рµ С‚РµС…РЅРѕР»РѕРіРёРё"""
"РђРЅР°Р»РёС‚РёРєР° Р±РѕР»СЊС€РёС… РґР°РЅРЅС‹С…,""РРЅС„РѕСЂРјР°С†РёРѕРЅРЅС‹Рµ С‚РµС…РЅРѕР»РѕРіРёРё"""
"РЁРђР”,""РРЅС„РѕСЂРјР°С†РёРѕРЅРЅС‹Рµ С‚РµС…РЅРѕР»РѕРіРёРё"""
"РџРѕСЃС‚СѓРїР°С€РєРё,""РРЅС„РѕСЂРјР°С†РёРѕРЅРЅС‹Рµ С‚РµС…РЅРѕР»РѕРіРёРё"""
"РРЅС„РѕСЂРјР°С†РёРѕРЅРЅР°СЏ Р±РµР·РѕРїР°СЃРЅРѕСЃС‚СЊ,""РРЅС„РѕСЂРјР°С†РёРѕРЅРЅС‹Рµ С‚РµС…РЅРѕР»РѕРіРёРё"""
"РџСЂРѕРґР°РєС‚ РјРµРЅРµРґР¶РµСЂ,""РРЅС„РѕСЂРјР°С†РёРѕРЅРЅС‹Рµ С‚РµС…РЅРѕР»РѕРіРёРё"""
"РџСЂРѕРґР¶РµРєС‚ РјРµРЅРµРґР¶РµСЂ,""РРЅС„РѕСЂРјР°С†РёРѕРЅРЅС‹Рµ С‚РµС…РЅРѕР»РѕРіРёРё"""
"РЎРёСЃС‚РµРјРЅС‹Р№ Р°РЅР°Р»РёС‚РёРє,""РРЅС„РѕСЂРјР°С†РёРѕРЅРЅС‹Рµ С‚РµС…РЅРѕР»РѕРіРёРё"""
"РљРѕРјРїСЊСЋС‚РµСЂРЅРѕРµ РјРѕРґРµР»РёСЂРѕРІР°РЅРёРµ,""РРЅС„РѕСЂРјР°С†РёРѕРЅРЅС‹Рµ С‚РµС…РЅРѕР»РѕРіРёРё"""
"РўРёРЅСЊРєРѕС„,""РРЅС„РѕСЂРјР°С†РёРѕРЅРЅС‹Рµ С‚РµС…РЅРѕР»РѕРіРёРё"""
"Р¤РёРЅС‚РµС…,""РРЅС„РѕСЂРјР°С†РёРѕРЅРЅС‹Рµ С‚РµС…РЅРѕР»РѕРіРёРё"""
"Р­РґС‚РµС…,""РРЅС„РѕСЂРјР°С†РёРѕРЅРЅС‹Рµ С‚РµС…РЅРѕР»РѕРіРёРё"""
"РЎРїРѕСЂС‚С‚РµС…,""РРЅС„РѕСЂРјР°С†РёРѕРЅРЅС‹Рµ С‚РµС…РЅРѕР»РѕРіРёРё"""
"С‡РёС‚Р°СЋ,""Р›РёС‚РµСЂР°С‚СѓСЂР°"""
"С…РѕР¶Сѓ РІ РєРЅРёР¶РЅС‹Р№ РєР»СѓР±,""Р›РёС‚РµСЂР°С‚СѓСЂР°"""
"Р±РёР±Р»РёРѕС‚РµРєР°СЂСЊ,""Р›РёС‚РµСЂР°С‚СѓСЂР°"""
"Р»СЋР±Р»СЋ РєРЅРёРіРё,""Р›РёС‚РµСЂР°С‚СѓСЂР°"""
"С‡РёС‚Р°СЋ СЂРѕРјР°РЅС‹,""Р›РёС‚РµСЂР°С‚СѓСЂР°"""
"Р»СЋР±Р»СЋ РґРµС‚РµРєС‚РёРІС‹,""Р›РёС‚РµСЂР°С‚СѓСЂР°"""
"РїРёС€Сѓ СЃС‚РёС…Рё,""Р›РёС‚РµСЂР°С‚СѓСЂР°"""
"С‡РёС‚Р°СЋ СЃС‚РёС…Рё,""Р›РёС‚РµСЂР°С‚СѓСЂР°"""
"Р»СЋР±Р»СЋ Р±СЂРѕРґСЃРєРѕРіРѕ,""Р›РёС‚РµСЂР°С‚СѓСЂР°"""
"РІСЏР¶Сѓ,""Р СѓРєРѕРґРµР»РёРµ"""
"РІСЏР·Р°РЅРёРµ,""Р СѓРєРѕРґРµР»РёРµ"""
"РІС‹С€РёРІРєР°,""Р СѓРєРѕРґРµР»РёРµ"""
"С€РІРµСЏ,""Р СѓРєРѕРґРµР»РёРµ"""
"С€РёС‚СЊРµ,""Р СѓРєРѕРґРµР»РёРµ"""
"РєРІРёР»С‚РёРЅРі,""Р СѓРєРѕРґРµР»РёРµ"""
"РјР°РєСЂР°РјРµ,""Р СѓРєРѕРґРµР»РёРµ"""
"РїР»РµС‚РµРЅРёРµ РёР· Р±РёСЃРµСЂР°,""Р СѓРєРѕРґРµР»РёРµ"""
"РїСЌС‡РІРѕСЂРє,""Р СѓРєРѕРґРµР»РёРµ"""
"СЃРєСЂР°РїР±СѓРєРёРЅРі,""Р СѓРєРѕРґРµР»РёРµ"""
"СЂРёСЃРѕРІР°РЅРёРµ,""Р СѓРєРѕРґРµР»РёРµ"""
"Р»РµРїРєР° РёР· РіР»РёРЅС‹,""Р СѓРєРѕРґРµР»РёРµ"""
"РіРѕРЅС‡Р°СЂСЃС‚РІРѕ,""Р СѓРєРѕРґРµР»РёРµ"""
"С„Р»РѕСЂРёСЃС‚РёРєР°,""Р СѓРєРѕРґРµР»РёРµ"""
"СЂР°Р±РѕС‚Р° СЃ РєРѕР¶РµР№,""Р СѓРєРѕРґРµР»РёРµ"""
"РёР·РіРѕС‚РѕРІР»РµРЅРёРµ РёРіСЂСѓС€РµРє,""Р СѓРєРѕРґРµР»РёРµ"""
"Р±РёСЃРµСЂРѕРїР»РёС‚РµРЅРёРµ,""Р СѓРєРѕРґРµР»РёРµ"""
"С‚РѕРїРёР°СЂРёРё,""Р СѓРєРѕРґРµР»РёРµ"""
"Р»РёС‚СЊРµ СЃРІРµС‡РµР№,""Р СѓРєРѕРґРµР»РёРµ"""
"СЃС‚РѕР»СЏСЂРЅРѕРµ РґРµР»Рѕ,""Р СѓРєРѕРґРµР»РёРµ"""
"РіСЂР°С„РёС‡РµСЃРєРёР№ РґРёР·Р°Р№РЅ,""Р СѓРєРѕРґРµР»РёРµ"""
"РІС‹Р¶РёРіР°РЅРёРµ РїРѕ РґРµСЂРµРІСѓ,""Р СѓРєРѕРґРµР»РёРµ"""
"РёР·РіРѕС‚РѕРІР»РµРЅРёРµ Р±РёР¶СѓС‚РµСЂРёРё,""Р СѓРєРѕРґРµР»РёРµ"""
"С‚СѓСЂРёР·Рј,""РџСѓС‚РµС€РµСЃС‚РІРёСЏ"""
"РїСѓС‚РµС€РµСЃС‚РІРёСЏ РЅР° РІРµР»РѕСЃРёРїРµРґРµ,""РџСѓС‚РµС€РµСЃС‚РІРёСЏ"""
"РїСѓС‚РµС€РµСЃС‚РІРёСЏ РЅР° РјРѕС‚РѕС†РёРєР»Рµ,""РџСѓС‚РµС€РµСЃС‚РІРёСЏ"""
"СЃРµСЂС„РёРЅРі,""РџСѓС‚РµС€РµСЃС‚РІРёСЏ"""
"РґР°Р№РІРёРЅРі,""РџСѓС‚РµС€РµСЃС‚РІРёСЏ"""
"Р°Р»СЊРїРёРЅРёР·Рј,""РџСѓС‚РµС€РµСЃС‚РІРёСЏ"""
"РїСѓС‚РµС€РµСЃС‚РІРёСЏ РїРѕ Р РѕСЃСЃРёРё,""РџСѓС‚РµС€РµСЃС‚РІРёСЏ"""
"СЌРєРѕС‚СѓСЂРёР·Рј,""РџСѓС‚РµС€РµСЃС‚РІРёСЏ"""
"РїРѕС…РѕРґС‹,""РџСѓС‚РµС€РµСЃС‚РІРёСЏ"""
"РїРѕС…РѕРґС‹ СЃ РїР°Р»Р°С‚РєР°РјРё,""РџСѓС‚РµС€РµСЃС‚РІРёСЏ"""
"СЌРєСЃРїРµРґРёС†РёРё,""РџСѓС‚РµС€РµСЃС‚РІРёСЏ"""
"СЃРєР°Р»РѕР»Р°Р·Р°РЅРёРµ,""РџСѓС‚РµС€РµСЃС‚РІРёСЏ"""
"СЌРєСЃРєСѓСЂСЃРѕРІРѕРґ,""РџСѓС‚РµС€РµСЃС‚РІРёСЏ"""
"СЂР°С„С‚РёРЅРі,""РџСѓС‚РµС€РµСЃС‚РІРёСЏ"""
"РїРѕРґРІРѕРґРЅРѕРµ РїР»Р°РІР°РЅРёРµ,""РџСѓС‚РµС€РµСЃС‚РІРёСЏ"""
"Р»СЋР±Р»СЋ РџРёС‚РµСЂ,""РџСѓС‚РµС€РµСЃС‚РІРёСЏ"""
