tag;tag_group
Бег;Спорт
Плавание;Спорт
Езда на велосипеде;Спорт
Аэробика;Спорт
Йога;Спорт
Пилатес;Спорт
Кроссфит;Спорт
Зумба;Спорт
Танцы;Спорт
Единоборства;Спорт
Боевые искусства;Спорт
Футбол;Спорт
Баскетбол;Спорт
Волейбол;Спорт
Теннис;Спорт
Гольф;Спорт
Хоккей;Спорт
Фигурное катание;Спорт
Лыжи;Спорт
Сноуборд;Спорт
Серфинг;Спорт
Виндсерфинг;Спорт
Каякинг;Спорт
Туризм;Спорт
Альпинизм;Спорт
Скалолазание;Спорт
Велогонки;Спорт
Красочный забег;Спорт
Триатлон;Спорт
Покорил Эльбрус;Спорт
ММА;Спорт
Бодибилдинг;Спорт
Плавание;Спорт
Гимнастика;Спорт
Кикбоксинг;Спорт
Пилон;Спорт
выпечка;Кулинария
пекарство;Кулинария
готовлю шоколад;Кулинария
готовлю конфеты;Кулинария
пеку хлеб;Кулинария
делаю тортики;Кулинария
сомелье;Кулинария
BBQ;Кулинария
люблю шашлык;Кулинария
веган;Кулинария
вегатерианец;Кулинария
здоровая еда;Кулинария
люблю итальянскую кухню;Кулинария
люблю готовить;Кулинария
бары;Кулинария
десерты;Кулинария
фуд-блогер;Кулинария
работаю в ресторане;Кулинария
французская кухня;Кулинария
шеф-повар;Кулинария
повар;Кулинария
молекулярная кухня;Кулинария
бармен;Кулинария
паб;Кулинария
сомелье;Кулинария
люблю вино;Кулинария
Программирование;Информационные технологии
Криптовалюта;Информационные технологии
Веб-разработка;Информационные технологии
Мобильные приложения;Информационные технологии
Яндекс;Информационные технологии
Анализ данных;Информационные технологии
Искусственный интеллект;Информационные технологии
Машинное обучение;Информационные технологии
Сбер;Информационные технологии
Озон;Информационные технологии
Кибербезопасность;Информационные технологии
Системный администратор;Информационные технологии
Сетевые технологии;Информационные технологии
Разработка игр;Информационные технологии
VR и AR технологии;Информационные технологии
IoT (интернет вещей);Информационные технологии
Блокчейн технологии;Информационные технологии
Компьютерная графика;Информационные технологии
IT консалтинг;Информационные технологии
Python;Информационные технологии
Java;Информационные технологии
JavaScript;Информационные технологии
Go;Информационные технологии
Kotlin;Информационные технологии
Flatter;Информационные технологии
Swift;Информационные технологии
Разработка мобильных игр;Информационные технологии
Data Science;Информационные технологии
Data Engineering;Информационные технологии
Data Visualization;Информационные технологии
Робототехника;Информационные технологии
Программирование на C++;Информационные технологии
Разработка веб-сервисов;Информационные технологии
Компьютерное зрение;Информационные технологии
Нейронные сети;Информационные технологии
Глубокое обучение;Информационные технологии
Аналитика больших данных;Информационные технологии
ШАД;Информационные технологии
Поступашки;Информационные технологии
Информационная безопасность;Информационные технологии
Продакт менеджер;Информационные технологии
Проджект менеджер;Информационные технологии
Системный аналитик;Информационные технологии
Компьютерное моделирование;Информационные технологии
Тинькоф;Информационные технологии
Финтех;Информационные технологии
Эдтех;Информационные технологии
Спорттех;Информационные технологии
читаю;Литература
хожу в книжный клуб;Литература
библиотекарь;Литература
люблю книги;Литература
читаю романы;Литература
люблю детективы;Литература
пишу стихи;Литература
читаю стихи;Литература
люблю бродского;Литература
вяжу;Рукоделие
вязание;Рукоделие
вышивка;Рукоделие
швея;Рукоделие
шитье;Рукоделие
квилтинг;Рукоделие
макраме;Рукоделие
плетение из бисера;Рукоделие
пэчворк;Рукоделие
скрапбукинг;Рукоделие
рисование;Рукоделие
лепка из глины;Рукоделие
гончарство;Рукоделие
флористика;Рукоделие
работа с кожей;Рукоделие
изготовление игрушек;Рукоделие
бисероплитение;Рукоделие
топиарии;Рукоделие
литье свечей;Рукоделие
столярное дело;Рукоделие
графический дизайн;Рукоделие
выжигание по дереву;Рукоделие
изготовление бижутерии;Рукоделие
туризм;Путешествия
путешествия на велосипеде;Путешествия
путешествия на мотоцикле;Путешествия
серфинг;Путешествия
дайвинг;Путешествия
альпинизм;Путешествия
путешествия по России;Путешествия
экотуризм;Путешествия
походы;Путешествия
походы с палатками;Путешествия
экспедиции;Путешествия
скалолазание;Путешествия
экскурсовод;Путешествия
рафтинг;Путешествия
подводное плавание;Путешествия
люблю Питер;Путешествия